Emp ID,Name,Designation,DOB,Gmail
1,John Doe,Software Engineer,1990-05-15,john.doe@gmail.com
2,Jane Smith,Project Manager,1985-08-20,jane.smith@gmail.com
3,Alice Johnson,Data Analyst,1992-03-10,alice.j@gmail.com
4,Bob Brown,UX Designer,1988-12-05,bob.brown@gmail.com
5,Charlie Green,Systems Administrator,1995-07-22,charlie.green@gmail.com
6,David Wilson,Business Analyst,2024-10-01,saketverma1911@gmail.com
7,Emily Davis,Marketing Specialist,2024-10-01,emily.d@gmail.com
8,Frank Miller,Quality Assurance,2024-09-01,frank.m@gmail.com
9,Grace Lee,DevOps Engineer,2024-09-01,grace.lee@gmail.com
10,Henry Taylor,Network Engineer,2024-09-01,henry.t@gmail.com
